{"дата": "2025-06-12 20:56:19", "історії": ["📘 Одного разу принцеса створив ШІ в лісі.", "📘 Одного разу принцеса зник у метро.", "📘 Одного разу принцеса знайшов скарб в бібліотеці."]}
{"дата": "2025-06-13 22:14:18", "історії": ["📘 Одного разу програміст загубився в лісі."]}
{"дата": "2025-06-13 22:14:20", "історії": ["📘 Одного разу кіт загубився в лісі."]}
{"дата": "2025-06-13 22:14:22", "історії": ["📘 Одного разу програміст створив ШІ на уроці Python."]}
